<!DOCTYPE hibernate-configuration PUBLIC
        "-//Hibernate/Hibernate Configuration DTD 3.0//EN"
        "http://www.hibernate.org/dtd/hibernate-configuration-3.0.dtd">
        
<hibernate-configuration>
    <session-factory>
        <property name="hbm2ddl.auto">update</property>
        <property name="hibernate.dialect">org.hibernate.dialect.PostgreSQLDialect</property>
        <property name="hibernate.connection.driver_class">org.postgresql.Driver</property>
        <property name="hibernate.connection.url">jdbc:postgresql://localhost:5432/library</property>
        <property name="hibernate.connection.username">postgres</property>
        <property name="hibernate.connection.password">root</property>
        <property name="hibernate.connection.pool_size">30</property>
        
        <mapping class="com.elvis.swingapp.librarysystem.model.Client" />
        <mapping class="com.elvis.swingapp.librarysystem.model.Book" />
        <mapping class="com.elvis.swingapp.librarysystem.model.BookCategory" />
        <mapping class="com.elvis.swingapp.librarysystem.model.CheckIn" />
        <mapping class="com.elvis.swingapp.librarysystem.model.CheckOut" />
    </session-factory>
</hibernate-configuration>  